"art_gallery_avg_rating","dance_club_avg_rating","juice_bar_avg_rating","restaurant_avg_rating","museum_avg_rating","resort_avg_rating","park_avg_rating","beach_avg_rating","theatre_avg_rating","religious_institution_avg_rating"
NA,1.8,NA,NA,0.8,2.42,3.19,2.79,NA,NA
NA,2.2,NA,NA,NA,3.18,NA,2.63,1.86,2.32
1.22,NA,0.54,NA,0.24,NA,3.18,2.8,1.31,2.5
0.45,NA,0.29,0.57,0.46,1.52,3.18,NA,NA,2.86
0.51,1.2,NA,0.57,NA,2.02,3.18,2.78,NA,2.54
NA,NA,NA,0.27,NA,NA,3.17,2.89,NA,NA
NA,1.36,NA,NA,0.86,1.58,NA,2.66,1.22,NA
0.74,NA,NA,NA,NA,NA,NA,NA,1.54,NA
NA,1.76,NA,NA,NA,NA,NA,NA,NA,2.54
NA,1.36,NA,NA,1.5,1.54,NA,2.82,NA,NA
1.47,NA,0.7,NA,1.66,2.76,NA,2.89,NA,NA
0.96,NA,NA,0.38,0.88,2.08,NA,2.93,1.66,NA
0.74,NA,2.75,0.45,0.98,NA,NA,2.87,1.38,NA
NA,1.64,NA,0.45,1.26,NA,NA,NA,NA,2.74
0.96,1.68,2.29,0.51,NA,2.84,3.2,2.82,2.02,2.46
1.25,2.52,NA,0.5,1.46,2.08,NA,NA,1.41,2.32
0.86,NA,NA,NA,NA,NA,NA,NA,1.15,NA
0.61,1.96,NA,NA,NA,1.78,3.2,NA,NA,2.42
NA,NA,NA,NA,NA,NA,NA,2.86,NA,2.8
NA,1.04,2.1,0.58,NA,NA,NA,NA,1.22,2.48
NA,1.44,1.12,0.41,1.2,2.18,NA,2.7,NA,2.94
NA,1.44,0.14,0.42,NA,NA,3.17,2.74,1.15,3.22
NA,NA,0.29,NA,NA,NA,NA,2.74,1.34,NA
0.54,1.44,0.3,NA,1.02,NA,3.17,2.71,1.73,NA
NA,0.96,1.15,NA,1.1,NA,3.18,2.77,NA,2.46
NA,2.84,2.8,0.48,0.56,1.52,NA,NA,1.6,NA
NA,NA,2.24,NA,NA,NA,3.19,NA,NA,NA
NA,1.28,NA,0.59,0.94,1.9,3.18,2.79,1.22,NA
NA,1.2,0.18,NA,NA,NA,3.17,NA,1.63,2.94
NA,NA,NA,NA,1.84,3.16,NA,NA,1.54,NA
0.74,1.28,NA,0.5,NA,NA,3.2,2.78,1.5,2.34
0.7,NA,NA,NA,NA,NA,NA,NA,NA,NA
NA,NA,NA,0.41,NA,2.22,3.19,2.8,NA,NA
1.06,1.12,NA,0.58,NA,2.5,NA,NA,NA,NA
0.96,NA,NA,NA,NA,1.42,3.18,2.94,NA,NA
0.88,NA,NA,0.43,0.74,NA,3.18,3.01,NA,NA
NA,NA,NA,NA,0.4,1.1,3.18,2.78,NA,2.9
NA,1.36,NA,0.5,NA,1.22,3.18,NA,NA,NA
0.7,NA,2.37,NA,NA,NA,NA,NA,NA,2.58
1.38,NA,NA,0.62,NA,NA,NA,NA,NA,NA
NA,NA,0.15,NA,NA,NA,3.17,2.61,NA,NA
NA,1.48,0.19,NA,NA,NA,3.16,NA,NA,NA
0.67,NA,0.61,NA,1.06,NA,3.18,2.82,1.25,2.88
NA,2,0.42,0.56,NA,NA,3.18,2.86,NA,NA
NA,1.64,0.34,NA,NA,2.22,3.18,3.1,NA,2.8
1.7,NA,NA,NA,0.7,NA,NA,NA,NA,NA
0.38,NA,0.77,0.34,NA,1.46,NA,NA,NA,NA
0.9,NA,NA,NA,0.88,1.86,3.18,NA,NA,2.94
NA,2.96,0.26,0.4,0.56,NA,3.18,NA,1.44,NA
NA,NA,NA,NA,NA,2.06,3.19,NA,NA,2.34
NA,1.2,NA,0.38,NA,1.9,3.17,2.93,NA,NA
0.42,NA,NA,0.48,0.96,1.4,NA,2.71,1.76,2.86
NA,1.88,NA,0.47,NA,NA,NA,NA,1.89,NA
1.02,NA,NA,NA,NA,1.82,3.18,NA,1.5,2.56
1.02,1.2,0.37,NA,NA,1.7,3.17,NA,1.66,3.42
0.61,1.68,0.46,0.37,NA,NA,3.17,NA,1.31,3.12
0.8,NA,NA,NA,1.06,2.28,NA,NA,1.44,NA
NA,NA,NA,NA,NA,NA,3.18,2.82,NA,NA
0.64,1.2,NA,NA,1.42,2.83,3.2,2.79,NA,2.38
0.83,NA,NA,NA,1.2,NA,NA,2.81,1.6,NA
1.06,NA,3.11,NA,NA,3.24,3.2,2.62,1.28,2.34
NA,0.96,NA,NA,NA,0.82,NA,NA,1.02,2.78
NA,NA,NA,NA,0.32,NA,NA,NA,NA,2.96
0.51,NA,0.37,0.42,NA,1.36,3.18,NA,1.34,3.04
1.41,1.12,NA,0.37,NA,1.76,3.18,2.9,1.5,NA
1.47,NA,NA,NA,NA,1.9,NA,2.78,NA,2.88
0.99,1.28,NA,0.43,0.16,NA,3.18,2.79,NA,NA
NA,NA,NA,0.5,0.8,1.52,3.18,NA,NA,NA
NA,NA,1.92,NA,1.04,NA,NA,NA,NA,2.88
0.54,NA,0.72,0.48,NA,1.36,NA,NA,1.5,NA
1.6,NA,NA,NA,0.5,1.5,3.18,NA,NA,NA
NA,NA,2.94,0.96,NA,NA,3.2,NA,NA,2.34
NA,2.24,0.14,NA,NA,NA,3.17,NA,1.98,NA
NA,1.08,NA,NA,NA,NA,3.18,2.83,1.41,3.46
NA,1.36,NA,NA,0.78,NA,3.19,2.86,NA,2.42
NA,NA,1.71,0.45,NA,NA,NA,2.69,NA,NA
NA,NA,NA,0.42,NA,NA,NA,2.81,NA,3.36
NA,1.76,2.53,0.65,1.04,2.22,3.19,NA,NA,2.46
NA,NA,0.67,NA,0.54,NA,3.17,2.78,NA,NA
0.7,1.04,NA,NA,0.78,2.42,3.17,NA,NA,2.98
2.08,NA,NA,0.4,NA,NA,NA,NA,1.54,3.42
NA,1.32,0.93,NA,0.66,1.82,NA,2.83,NA,2.54
NA,1.52,0.45,NA,0.32,NA,NA,2.62,2.05,NA
1.25,0.92,0.86,NA,0.66,1.98,3.18,NA,1.12,2.66
NA,0.28,1.12,0.5,NA,1.96,3.18,2.96,1.86,NA
0.74,NA,NA,NA,NA,1.66,3.17,2.87,NA,3.34
NA,NA,NA,1.1,NA,NA,NA,NA,1.41,2.56
0.64,1.08,0.19,NA,NA,0.9,NA,2.79,1.18,NA
0.64,NA,NA,NA,1.02,NA,NA,NA,NA,NA
NA,NA,NA,NA,0.74,NA,NA,2.86,NA,NA
1.38,1.12,NA,NA,0.88,NA,NA,2.81,NA,NA
NA,NA,0.13,NA,NA,NA,3.17,NA,NA,NA
NA,NA,NA,0.54,1.44,NA,3.19,NA,NA,NA
NA,NA,NA,NA,1.42,NA,NA,2.79,NA,2.38
NA,2,NA,0.64,NA,NA,3.19,2.67,NA,NA
NA,NA,NA,0.46,0.56,NA,3.18,2.98,1.22,2.94
NA,1.44,NA,NA,0.94,2.14,NA,2.79,NA,NA
0.9,0.56,NA,NA,0.8,NA,3.18,2.91,1.41,NA
NA,NA,2.67,NA,NA,1.78,NA,NA,NA,2.78
0.67,1.6,0.21,0.47,NA,1.96,3.17,2.86,3.04,3.1
NA,NA,NA,NA,NA,2.1,3.18,NA,NA,2.82
NA,1.12,0.4,NA,0.64,1.12,NA,NA,1.76,NA
NA,NA,1.41,0.65,NA,2.94,NA,2.82,1.41,2.42
0.88,1.2,0.16,NA,NA,1,3.18,NA,1.79,NA
NA,NA,NA,NA,0.32,1.18,NA,NA,1.73,NA
NA,0.88,NA,NA,NA,1.54,3.2,NA,NA,NA
NA,0.56,0.93,0.53,NA,NA,NA,2.94,NA,NA
0.99,NA,0.38,NA,NA,NA,NA,NA,1.15,NA
NA,NA,0.43,NA,1.5,1.62,NA,2.8,NA,NA
0.8,2.16,NA,0.53,NA,NA,3.18,2.83,2.24,NA
0.9,1.8,NA,0.67,0.86,1.86,NA,2.96,NA,2.98
NA,1.08,1.65,NA,NA,NA,NA,2.85,1.15,NA
0.9,NA,0.51,NA,NA,1.78,3.18,NA,1.86,2.54
NA,NA,1.41,NA,1.1,1.5,NA,3.04,NA,NA
0.83,1.04,NA,NA,0.88,NA,3.2,NA,NA,2.34
NA,NA,NA,NA,0.7,NA,NA,3.01,NA,2.34
0.64,NA,1.25,0.51,0.72,NA,NA,2.83,NA,NA
NA,1.32,0.78,0.54,NA,NA,NA,2.78,NA,2.94
0.54,NA,NA,0.45,1.04,1.38,3.18,NA,NA,NA
NA,1.6,1.1,0.43,0.86,1.84,NA,2.7,NA,NA
0.86,NA,1.25,NA,NA,2.9,3.18,NA,1.44,2.5
0.77,1.04,NA,NA,1.42,2,NA,2.82,1.6,2.64
NA,2.68,NA,NA,NA,2.22,3.19,NA,NA,NA
1.98,NA,0.75,0.69,NA,NA,NA,NA,NA,NA
NA,1.52,NA,0.59,NA,NA,NA,NA,NA,2.74
0.64,NA,0.19,0.46,NA,1.58,NA,2.79,NA,2.82
0.51,1.44,0.42,NA,0.74,1.3,3.18,NA,NA,2.98
NA,NA,1.02,NA,NA,2.02,NA,NA,1.41,2.56
NA,1.48,0.99,0.35,NA,NA,NA,NA,NA,3.34
0.54,1.2,NA,0.39,0.88,1.66,3.18,NA,1.57,2.78
NA,0.88,1.52,NA,0.8,NA,NA,2.71,0.99,NA
NA,NA,1.14,0.51,1.66,2.78,3.18,2.85,1.7,NA
0.93,NA,NA,NA,1.46,NA,3.18,2.74,NA,2.94
0.38,1.28,NA,NA,NA,NA,NA,3.02,NA,NA
0.51,NA,NA,NA,NA,1.86,NA,NA,NA,3.34
NA,0.96,NA,NA,1.1,NA,NA,2.99,2.14,2.54
NA,NA,NA,NA,0.78,NA,3.19,NA,NA,NA
0.51,1.16,NA,0.53,NA,NA,NA,2.85,NA,2.88
0.96,NA,0.74,0.37,0.86,1.98,NA,2.8,1.44,NA
NA,1.32,NA,0.39,0.5,NA,NA,NA,NA,3.2
NA,1.28,0.26,NA,1.14,1.96,NA,2.93,1.73,3.34
0.8,1.12,NA,NA,0.82,NA,NA,NA,NA,NA
NA,1.96,0.61,0.42,NA,NA,NA,NA,NA,NA
NA,1.04,NA,0.45,0.22,NA,3.18,NA,NA,NA
0.9,NA,NA,0.59,1.04,NA,3.17,NA,NA,NA
NA,2.96,0.29,NA,NA,NA,NA,NA,NA,3.42
NA,0.6,NA,NA,NA,2.44,3.18,2.74,NA,NA
0.8,NA,1.98,NA,NA,2.42,NA,3.12,NA,2.62
0.86,NA,1.01,0.55,1.26,NA,NA,NA,1.92,2.94
0.77,NA,NA,0.51,NA,NA,3.18,2.8,NA,NA
NA,NA,NA,NA,1.2,2.02,3.18,NA,NA,3.1
NA,1.64,NA,0.55,NA,2,NA,2.74,1.5,2.98
0.64,NA,NA,NA,NA,NA,3.18,2.85,1.44,2.66
NA,1.56,0.22,NA,0.5,2.02,3.18,2.66,1.34,NA
NA,NA,NA,NA,NA,1.94,3.18,NA,NA,2.62
1.02,1.16,NA,0.29,NA,NA,3.18,2.8,2.08,3.42
NA,1.64,0.32,NA,1.34,NA,NA,NA,1.57,NA
NA,1.12,0.7,NA,0.5,1.04,3.17,2.77,1.98,3.44
1.18,2.04,1.89,NA,NA,2.18,3.19,NA,1.41,2.34
1.06,NA,1.02,0.27,0.24,NA,3.18,2.63,1.28,3.36
0.58,1.12,NA,0.45,0.78,1.5,3.18,NA,1.44,2.9
NA,NA,0.51,NA,NA,0.98,NA,NA,2.21,3.36
0.9,1.84,0.51,0.66,NA,1.78,3.18,NA,1.86,2.54
0.7,NA,0.93,0.47,NA,1.58,3.18,NA,NA,NA
0.8,NA,NA,NA,NA,1.5,NA,NA,NA,NA
NA,NA,NA,0.5,0.3,NA,NA,NA,NA,2.74
0.7,0.8,2.56,NA,1.1,NA,3.19,NA,NA,2.38
0.61,1.04,0.83,0.46,0.82,NA,3.18,NA,2.18,2.54
0.67,NA,NA,0.51,0.9,NA,3.2,NA,NA,NA
0.7,1.28,NA,NA,NA,1.46,3.18,NA,1.73,NA
0.93,1.16,0.26,NA,1.42,NA,3.18,2.97,NA,NA
NA,0.4,NA,NA,NA,NA,NA,2.98,NA,2.48
0.74,NA,NA,NA,0.4,0.98,3.18,NA,NA,2.78
NA,NA,0.22,NA,0.74,NA,NA,NA,1.6,NA
0.96,NA,NA,NA,0.72,2.02,NA,NA,NA,3.26
NA,1.88,NA,1.05,NA,NA,NA,2.86,1.15,NA
NA,NA,NA,0.41,1.1,2,3.18,3.01,1.38,3.26
0.99,NA,NA,0.41,NA,NA,3.18,2.97,1.73,NA
0.7,NA,NA,0.47,0.46,2.12,3.18,2.89,NA,2.98
0.77,NA,NA,NA,0.88,NA,NA,NA,1.76,NA
NA,1.44,0.19,0.53,NA,NA,3.18,NA,NA,2.9
NA,1.2,1.25,NA,1.78,NA,3.18,NA,NA,NA
1.28,1.48,NA,NA,NA,NA,3.18,NA,1.6,2.48
1.38,1.12,1.8,NA,0.82,NA,3.18,NA,NA,NA
1.06,NA,NA,0.56,NA,2.8,NA,2.72,2.18,NA
NA,1.2,NA,NA,NA,2.8,NA,NA,1.98,2.64
NA,NA,NA,0.47,NA,NA,3.18,NA,1.44,NA
1.41,NA,NA,NA,NA,1.56,NA,NA,1.41,NA
1.02,NA,1.33,0.61,0.86,2.4,NA,NA,1.63,2.46
0.93,0.6,0.18,NA,0.32,NA,3.17,NA,NA,3.04
NA,1.08,NA,NA,0.66,1.8,3.19,2.58,NA,2.32
NA,NA,1.89,NA,1.28,1.7,NA,2.75,NA,NA
NA,0.64,0.43,0.41,NA,NA,NA,2.85,NA,NA
NA,NA,0.22,0.35,NA,NA,NA,2.74,NA,3.44
0.34,1.16,0.18,NA,NA,NA,NA,NA,NA,NA
0.8,NA,NA,NA,0.94,1.4,NA,NA,NA,2.96
0.7,1.04,1.41,0.31,0.62,NA,NA,2.65,1.31,3.04
1.28,0.68,NA,NA,1.58,NA,NA,NA,1.57,NA
0.64,1.48,NA,NA,0.64,1.3,3.18,3.01,1.57,NA
NA,2.16,0.22,1.79,0.9,1.76,3.18,2.77,1.7,NA
1.06,NA,2.5,0.62,NA,NA,3.19,2.89,NA,2.78
NA,1.56,NA,0.55,0.66,2.1,3.18,NA,1.73,2.96
NA,0.92,2.77,NA,0.98,NA,3.2,NA,1.47,2.34
1.06,1.12,0.22,0.39,NA,1.46,3.18,NA,1.82,NA
NA,NA,0.82,0.42,NA,1.74,NA,NA,1.02,NA
0.99,2.08,0.27,NA,0.14,0.82,NA,2.73,NA,2.78
0.99,NA,0.19,NA,NA,2.22,3.18,2.71,1.73,NA
NA,0.84,0.24,0.5,NA,NA,3.18,2.94,NA,NA
0.77,NA,NA,0.48,NA,1.08,3.18,NA,NA,2.58
1.06,NA,NA,NA,NA,NA,3.17,2.88,1.02,NA
NA,NA,1.31,0.32,1.18,1.48,3.18,NA,1.31,3.3
NA,1.36,1.94,0.34,NA,NA,3.19,NA,NA,2.82
NA,NA,NA,0.51,0.7,NA,NA,NA,1.6,NA
0.51,NA,0.24,NA,NA,NA,3.18,NA,1.34,2.58
0.61,NA,NA,0.37,NA,0.94,3.17,NA,1.22,NA
0.7,NA,1.66,0.49,NA,2.68,3.19,2.77,1.7,2.54
NA,NA,0.18,0.26,0.8,NA,NA,2.77,NA,3.04
0.9,NA,0.5,0.45,0.64,NA,3.18,2.71,NA,NA
NA,NA,1.2,0.47,1.9,2.98,3.18,NA,NA,NA
0.9,NA,2.05,NA,NA,2,NA,2.87,1.38,2.86
0.77,1.08,NA,NA,1.38,2.54,NA,2.87,NA,NA
NA,1.12,1.47,NA,0.26,1.22,3.18,2.73,NA,NA
NA,NA,2.4,NA,NA,1.54,NA,2.8,NA,NA
NA,1.32,0.14,0.47,0.54,NA,NA,NA,1.6,3.04
NA,1.2,2.05,NA,NA,3.06,NA,NA,1.57,2.42
NA,1.96,0.27,NA,1.18,1.46,NA,NA,1.47,3.34
NA,2.24,NA,NA,1.3,NA,NA,NA,1.18,2.46
NA,1.2,NA,0.41,1.26,NA,NA,NA,1.25,NA
0.54,2.96,0.58,0.57,NA,1.7,3.18,2.91,NA,NA
0.61,NA,1.98,0.55,1.34,1.96,3.19,NA,NA,NA
NA,NA,NA,NA,NA,1.42,NA,NA,NA,2.8
0.58,1.44,NA,0.64,1.92,2.18,3.2,NA,1.12,2.42
0.83,NA,NA,NA,0.74,1.16,NA,2.7,1.02,3.02
NA,1.96,0.24,NA,NA,NA,NA,2.7,1.28,2.74
0.61,NA,0.15,0.38,NA,2.12,3.18,2.97,1.34,2.14
NA,NA,0.18,0.4,NA,1.86,3.18,2.82,1.76,2.86
NA,1.08,1.34,NA,NA,NA,3.18,2.81,NA,NA
NA,NA,NA,0.73,NA,NA,3.18,2.99,NA,2.96
0.96,0.88,1.02,NA,1.18,2.24,3.18,NA,NA,NA
2.08,0.48,0.18,NA,0.1,NA,NA,NA,1.15,3.6
NA,NA,2.77,0.54,NA,1.58,3.2,NA,1.47,2.34
1.25,NA,NA,0.54,NA,NA,NA,NA,NA,2.32
0.74,1.6,NA,0.56,0.32,NA,NA,NA,2.69,NA
NA,1.84,NA,0.41,NA,1.14,NA,NA,NA,NA
0.83,1.56,0.22,0.23,0.32,NA,3.17,2.89,2.4,3.02
NA,1.2,0.98,0.42,NA,1.6,3.18,NA,NA,2.88
NA,NA,NA,0.46,0.3,NA,3.18,NA,1.66,NA
NA,1.96,NA,NA,NA,NA,3.2,2.63,NA,NA
NA,0.64,0.67,NA,0.98,NA,3.17,2.94,1.15,3.14
NA,NA,0.18,NA,1.18,1.86,3.18,NA,1.76,NA
0.51,NA,NA,0.56,NA,1.82,NA,NA,1.22,NA
0.67,NA,0.26,0.39,NA,NA,3.18,NA,NA,NA
NA,1.28,2,NA,NA,NA,3.19,NA,NA,2.4
NA,NA,NA,0.71,0.5,2.28,3.19,2.66,NA,NA
0.61,2.4,NA,0.42,0.16,1.62,3.18,2.59,NA,2.78
NA,NA,NA,0.54,NA,1.92,3.17,NA,2.43,NA
0.9,NA,0.29,0.39,0.86,1.54,NA,2.98,1.41,3.36
NA,1.96,NA,NA,1.38,1.98,NA,2.74,1.57,NA
2.22,0.24,NA,0.48,0.24,1.12,NA,NA,NA,2.72
0.61,1.32,NA,NA,1.68,1.78,NA,NA,NA,NA
NA,0.72,NA,NA,0.88,NA,3.19,NA,1.79,2.62
NA,1.44,NA,NA,NA,3.12,3.19,3.1,2.05,2.72
NA,NA,0.29,0.53,NA,NA,3.18,NA,NA,NA
NA,NA,1.74,0.51,1.42,NA,NA,3.13,2.46,NA
1.06,NA,NA,0.41,0.8,NA,3.17,2.94,NA,3.5
1.22,NA,1.33,NA,1.18,2.24,NA,NA,1.66,NA
1.12,NA,2.3,NA,NA,2.36,NA,2.82,1.86,NA
1.09,NA,NA,0.59,0.8,1.94,NA,2.82,NA,2.72
NA,NA,0.22,NA,0.64,1.7,NA,2.64,2.18,NA
NA,NA,1.28,0.48,1.5,2.5,NA,2.86,1.47,NA
NA,NA,NA,0.42,NA,NA,NA,NA,1.25,NA
0.58,NA,NA,0.54,NA,1.46,NA,NA,1.41,NA
0.7,NA,NA,0.64,1.82,NA,3.19,NA,NA,NA
NA,1.6,NA,NA,1.34,2.46,NA,NA,1.34,2.56
NA,NA,1.33,NA,0.74,1.9,3.18,2.78,1.38,NA
0.93,NA,0.22,NA,0.8,NA,NA,NA,NA,NA
NA,NA,NA,NA,0.8,1.86,NA,NA,NA,NA
0.83,1.24,NA,NA,NA,NA,3.18,3.04,2.18,2.82
1.12,1.56,NA,0.48,NA,NA,3.18,2.63,NA,2.78
0.99,0.36,0.22,0.46,NA,NA,3.18,NA,NA,2.66
NA,NA,NA,0.51,NA,NA,3.18,NA,1.06,NA
NA,1.2,NA,NA,NA,NA,NA,NA,1.47,2.82
0.58,1.84,2.18,NA,NA,NA,3.19,NA,NA,NA
0.74,NA,NA,NA,NA,NA,3.18,2.83,NA,NA
NA,NA,0.32,0.59,0.62,NA,NA,NA,NA,2.96
NA,NA,0.26,NA,NA,NA,3.18,NA,1.73,2.88
0.93,NA,0.58,NA,NA,2.44,NA,NA,1.22,2.42
NA,NA,NA,0.61,0.66,NA,3.18,NA,3.14,NA
1.18,NA,0.99,0.46,NA,NA,3.17,NA,0.86,NA
0.96,NA,NA,0.42,NA,NA,NA,NA,1.18,3.3
1.09,1.12,NA,NA,NA,NA,NA,2.87,NA,NA
1.09,NA,0.35,NA,NA,NA,NA,NA,1.41,NA
NA,1.52,NA,NA,NA,1.38,NA,2.89,1.28,2.96
NA,NA,0.8,NA,NA,NA,NA,3.26,NA,NA
NA,NA,0.18,NA,0.54,NA,3.17,2.69,1.63,NA
NA,NA,0.82,1.11,NA,1.4,3.18,NA,NA,NA
NA,1.28,0.26,0.51,1.06,1.6,NA,2.65,1.41,2.8
0.77,NA,NA,0.57,NA,NA,3.18,NA,1.12,2.54
NA,0.88,1.42,NA,0.72,1.78,NA,2.85,NA,2.42
0.8,1.92,NA,0.48,0.74,NA,NA,2.83,NA,2.58
NA,NA,0.22,NA,NA,1.2,NA,NA,1.63,NA
NA,1.16,NA,NA,0.88,1.26,3.19,NA,1.25,2.5
NA,0.96,NA,NA,NA,NA,NA,2.82,1.6,NA
NA,1.4,NA,NA,0.88,1.34,NA,2.86,NA,2.88
NA,NA,NA,0.5,0.64,NA,3.18,2.77,1.86,2.64
NA,1.64,NA,0.56,0.78,NA,3.18,NA,1.41,2.66
NA,NA,NA,NA,NA,2.48,3.18,2.86,1.73,2.94
0.7,NA,NA,0.58,1.82,2.38,3.2,3.02,2.72,NA
NA,0,NA,0.74,NA,NA,3.18,NA,NA,NA
0.51,1.2,2.19,NA,0.88,2.24,3.19,2.58,NA,NA
0.51,1.76,0.22,0.49,0.66,1.46,NA,2.77,NA,NA
0.54,NA,0.24,0.37,0.74,NA,NA,2.89,NA,NA
NA,NA,1.65,NA,1.1,NA,NA,2.83,1.22,2.62
NA,NA,1.19,NA,1.58,2.5,NA,2.85,NA,NA
0.58,1.8,NA,NA,NA,2.22,3.18,NA,NA,2.98
1.09,0.76,0.93,0.47,NA,1.94,NA,2.8,2.02,2.64
NA,1.32,2.05,0.47,1.6,NA,3.19,NA,NA,NA
0.67,NA,0.14,0.43,1.02,1.62,3.17,2.88,1.47,NA
NA,NA,NA,NA,0.4,1.46,NA,2.8,NA,NA
0.93,NA,NA,0.25,NA,NA,NA,2.97,NA,NA
1.02,NA,0.27,NA,0.98,1.82,3.18,NA,1.6,NA
NA,1,0.77,0.43,0.42,NA,3.18,NA,NA,NA
3.22,1.84,0.22,0.53,NA,NA,NA,2.69,1.57,2.72
0.48,1.16,NA,0.33,NA,NA,3.18,2.98,1.25,NA
NA,1.2,NA,NA,NA,NA,3.18,NA,1.44,2.48
0.96,NA,1.63,0.56,NA,NA,NA,NA,NA,2.48
NA,NA,2.33,0.54,1.26,2.08,NA,NA,NA,2.42
0.86,NA,1.2,0.56,NA,3.24,3.18,NA,1.5,NA
1.41,1.96,NA,0.51,0.42,NA,3.18,2.77,1.18,NA
NA,NA,NA,0.56,1.02,NA,3.19,3.05,1.22,2.56
0.74,1.44,NA,0.34,1.98,NA,3.17,NA,3.17,3.22
NA,1.36,1.9,0.45,1.46,NA,NA,2.69,NA,NA
1.47,NA,NA,NA,0.48,NA,NA,NA,NA,2.88
NA,0.76,0.18,NA,0.96,NA,NA,NA,1.6,2.54
NA,NA,0.16,0.62,NA,NA,NA,2.62,NA,NA
0.74,NA,1.57,0.63,NA,NA,3.18,NA,NA,2.72
0.48,NA,1.82,0.4,1.3,NA,3.18,2.7,1.09,2.8
0.38,1.32,NA,0.5,NA,NA,NA,NA,NA,3.44
NA,NA,0.43,NA,1.72,NA,3.18,NA,1.86,NA
1.57,1.28,0.83,NA,0.48,NA,NA,NA,NA,2.86
NA,NA,1.3,NA,NA,2.88,NA,2.88,NA,NA
0.64,1.52,NA,0.63,1.36,2.26,3.2,2.97,2.62,2.38
NA,1.52,NA,0.35,1.42,1.86,NA,NA,NA,3.12
1.25,NA,2.3,0.49,0.74,2.16,3.2,NA,NA,NA
NA,0.96,NA,0.5,NA,2.12,NA,2.66,0.9,3.06
NA,1.2,NA,0.35,NA,0.98,3.17,NA,NA,3.02
0.93,1.88,0.48,NA,1.26,1.94,NA,2.93,2.4,2.66
0.54,1.32,0.96,0.41,0.8,1.48,NA,2.95,1.86,NA
NA,NA,2.9,NA,1.1,1.94,3.2,2.94,NA,2.32
0.8,1.12,2.3,0.63,1.46,2.74,3.19,2.78,1.22,2.4
1.57,NA,NA,0.39,NA,NA,3.18,NA,NA,2.98
NA,1.12,NA,NA,0.32,NA,3.18,NA,NA,2.78
1.18,NA,1.33,NA,NA,2.88,3.19,2.96,NA,NA
NA,0.88,NA,NA,0.26,1.14,3.18,3.07,NA,3.26
NA,1.48,NA,NA,0.82,NA,3.17,NA,NA,3.36
0.86,NA,0.56,0.81,0.7,NA,NA,NA,NA,NA
NA,1.36,NA,NA,1.12,1.8,3.18,NA,1.57,2.56
NA,1.36,2.02,NA,NA,NA,NA,2.83,NA,3.12
NA,NA,0.37,NA,NA,2.52,3.18,3.25,NA,2.7
1.76,1.2,1.3,NA,NA,NA,NA,2.62,1.15,3.14
0.58,NA,0.19,0.56,0.16,1.26,3.18,2.82,NA,2.7
NA,NA,NA,NA,NA,NA,3.18,NA,NA,NA
0.99,NA,2.13,NA,1.82,NA,3.19,NA,1.5,NA
NA,1.16,0.16,NA,NA,NA,3.17,NA,NA,3.28
0.46,1.96,0.86,0.55,1.44,NA,3.18,3.17,NA,NA
NA,NA,1.62,0.61,0.98,2.02,NA,NA,1.28,2.5
1.31,0.88,0.77,NA,NA,NA,3.18,NA,NA,NA
NA,NA,NA,NA,NA,1.88,3.18,NA,NA,NA
NA,NA,NA,0.45,NA,NA,3.18,NA,NA,2.7
0.58,NA,NA,NA,1.3,2.66,3.18,NA,NA,NA
1.02,NA,NA,NA,0.7,1.58,NA,2.82,NA,NA
0.35,1.36,2.25,0.46,1.1,1.52,3.19,NA,1.89,2.94
1.47,1.04,NA,NA,1.3,2.12,NA,NA,1.5,NA
1.79,NA,NA,0.69,NA,NA,3.19,NA,1.41,2.5
NA,1.24,NA,NA,1.12,NA,3.18,2.94,NA,NA
NA,1.84,NA,NA,0.86,2.36,3.2,NA,NA,NA
NA,0.96,1.94,0.64,1.82,NA,3.19,2.71,NA,2.54
0.7,NA,0.43,0.5,1.12,NA,3.17,NA,NA,3.26
NA,NA,NA,0.54,0.78,1.22,NA,2.94,NA,2.64
0.48,NA,NA,NA,1.3,2.06,NA,2.66,1.92,2.78
0.67,NA,0.51,NA,0.54,NA,3.17,NA,NA,3.2
0.64,1.6,0.3,NA,NA,1.3,3.17,NA,1.76,NA
0.86,1.6,0.19,0.87,1.12,1.66,NA,2.95,NA,2.7
0.83,NA,NA,NA,NA,1.24,3.18,2.87,NA,NA
0.64,1.2,NA,0.22,NA,0.38,NA,2.85,1.15,NA
0.8,1.48,NA,NA,1.38,NA,3.19,NA,NA,2.42
0.8,NA,NA,NA,NA,NA,3.18,NA,NA,2.46
NA,NA,NA,NA,1.04,1.98,3.18,2.78,1.44,2.5
0.8,1.48,NA,NA,0.64,1.76,NA,2.7,1.7,2.98
0.64,NA,0.16,NA,NA,1.48,NA,2.74,NA,2.98
0.8,1.96,1.44,NA,0.82,NA,NA,2.97,NA,NA
0.83,NA,NA,0.29,0.58,NA,NA,2.66,1.5,3.22
NA,NA,NA,0.63,NA,NA,NA,NA,NA,NA
NA,NA,NA,NA,0.54,1.36,3.18,NA,1.34,NA
NA,0.56,1.33,NA,NA,NA,3.18,NA,NA,3.34
0.74,NA,1.65,NA,1.44,1.86,NA,2.87,1.5,2.46
NA,NA,NA,0.43,0.98,NA,NA,2.66,NA,NA
NA,1.96,NA,NA,NA,1.98,3.18,NA,NA,NA
NA,NA,NA,NA,0.5,1.18,NA,2.89,NA,NA
NA,NA,1.39,0.41,NA,1.98,NA,NA,1.98,2.64
0.9,NA,0.27,0.48,0.9,1.74,3.18,NA,NA,2.86
NA,NA,NA,0.57,NA,NA,3.19,NA,1.44,2.54
NA,NA,0.18,0.78,NA,NA,NA,2.97,1.86,NA
NA,1.52,NA,0.47,0.58,NA,3.17,NA,1.73,3.04
0.96,1.96,NA,0.56,1.34,NA,NA,2.74,NA,2.72
1.06,NA,NA,NA,NA,2.18,NA,2.75,1.54,NA
NA,NA,1.74,NA,0.78,NA,NA,NA,1.41,2.8
NA,NA,2.3,NA,NA,2.74,NA,2.78,NA,2.4
1.18,NA,NA,NA,NA,NA,NA,2.66,2.34,2.48
0.64,1.72,2.4,0.61,NA,2.46,3.2,NA,2.53,2.34
NA,NA,NA,NA,NA,1.74,3.18,2.74,1.57,2.88
0.96,NA,0.22,0.56,1.34,NA,3.18,NA,1.44,NA
NA,NA,1.76,0.54,0.98,NA,3.19,NA,NA,NA
1.44,NA,NA,NA,0.3,NA,NA,2.7,NA,NA
0.9,1.24,NA,0.53,0.74,NA,NA,2.87,NA,NA
NA,NA,2.77,0.63,0.86,NA,NA,NA,1.47,NA
0.77,1.8,NA,0.31,NA,1.7,NA,NA,1.57,NA
NA,NA,0.14,0.29,NA,NA,NA,NA,1.06,NA
0.64,1.24,0.26,NA,0.9,1.54,3.17,2.89,1.25,NA
1.39,1.52,NA,0.66,1.76,3.24,NA,2.87,1.73,2.42
NA,1.56,3.03,0.43,NA,NA,3.2,NA,NA,2.4
1.12,1,NA,NA,NA,NA,3.18,NA,NA,NA
NA,NA,NA,NA,1.54,NA,3.18,2.74,NA,2.46
NA,NA,NA,NA,0.94,NA,3.18,3.07,1.6,NA
NA,NA,1.23,NA,NA,NA,NA,2.86,0.86,NA
1.97,NA,NA,NA,0.66,2.06,NA,2.85,NA,NA
1.02,2.48,NA,0.41,1.5,NA,3.19,2.78,1.41,2.38
0.7,1.28,0.35,NA,0.96,NA,3.17,2.9,NA,NA
NA,NA,NA,0.45,0.42,1.3,NA,2.73,1.25,3.12
NA,1.2,0.3,0.38,NA,1.9,3.17,NA,NA,NA
0.42,0.88,NA,0.66,NA,2.44,3.18,NA,1.34,NA
NA,NA,1.09,0.67,NA,NA,NA,2.96,1.79,NA
NA,NA,NA,0.49,1.62,1.76,3.18,2.54,1.47,2.42
1.31,2.64,1.73,NA,NA,2.58,3.19,NA,NA,NA
NA,NA,1.26,NA,NA,2.4,3.19,2.73,NA,2.4
1.12,1.44,0.26,NA,0.3,NA,NA,NA,NA,NA
0.54,1.36,NA,0.46,NA,NA,3.17,NA,1.44,NA
NA,NA,NA,2.11,0.32,NA,3.18,NA,1.98,2.5
0.48,1.56,NA,0.49,0.56,2.12,3.18,3.13,NA,2.66
0.8,NA,0.22,0.64,NA,1.82,NA,2.77,1.34,2.54
NA,1.28,0.93,NA,0.42,NA,NA,NA,NA,NA
0.77,NA,NA,NA,0.3,1.26,NA,2.63,1.15,3.34
0.77,1.4,NA,NA,0.58,NA,3.17,2.75,1.54,2.82
NA,NA,0.32,NA,NA,2.28,3.17,2.89,1.7,NA
0.72,NA,1.57,0.62,1.58,1.86,3.18,NA,1.25,2.72
1.25,0.96,NA,NA,0.58,1.06,NA,NA,NA,NA
NA,2.88,1.09,0.48,0.88,2.24,NA,2.78,NA,NA
NA,NA,1.54,NA,NA,1.62,3.18,2.91,1.22,NA
NA,1.04,NA,0.45,1.12,NA,NA,2.82,NA,2.64
0.86,NA,NA,NA,1.38,2.06,NA,2.91,1.22,2.5
NA,NA,0.42,0.4,NA,NA,NA,2.86,NA,NA
NA,NA,NA,0.57,0.62,1.3,3.18,NA,NA,2.54
1.09,0.92,1.01,NA,0.98,NA,3.18,2.83,2.08,2.66
0.67,1.36,NA,0.49,NA,NA,NA,2.74,1.6,NA
1.22,0.92,1.04,NA,0.48,1.36,NA,NA,NA,2.98
0.96,1.68,NA,0.29,NA,2.34,NA,NA,1.02,NA
NA,0.68,0.45,NA,0.64,1.66,3.18,2.67,1.47,2.4
0.9,1.04,0.3,NA,NA,1.14,3.18,2.8,NA,2.5
0.9,NA,NA,NA,NA,2.38,NA,NA,1.66,NA
NA,NA,0.61,0.48,NA,NA,3.18,2.75,1.25,NA
0.67,1.2,0.9,NA,NA,2.14,NA,NA,NA,2.82
0.99,1.24,0.15,NA,NA,NA,NA,NA,1.02,NA
NA,NA,NA,NA,NA,NA,NA,2.78,NA,NA
NA,NA,NA,NA,NA,2.34,3.18,NA,NA,NA
1.78,1.04,NA,NA,0.46,NA,NA,NA,NA,2.42
NA,NA,NA,NA,NA,2.26,NA,NA,NA,2.62
1.55,1.16,0.66,0.3,NA,NA,NA,NA,1.22,NA
0.7,NA,0.29,0.65,0.78,1.38,3.18,NA,NA,2.74
1.31,0.96,0.86,0.4,NA,1.54,NA,NA,1.41,NA
NA,1.4,NA,NA,0.22,2.22,3.17,NA,NA,3.22
0.74,NA,NA,0.38,1.2,2.22,NA,2.42,NA,2.58
NA,NA,0.3,NA,1.06,1.58,NA,NA,NA,3.14
0.58,NA,NA,NA,NA,1.28,3.17,2.72,1.95,NA
0.72,NA,NA,0.85,NA,NA,3.18,NA,1.28,NA
NA,NA,NA,NA,0.58,NA,3.18,2.63,NA,NA
1.38,NA,1.92,0.64,NA,2.32,3.19,NA,NA,NA
0.64,NA,NA,0.4,0.56,NA,NA,2.82,NA,NA
NA,1.12,1.16,NA,NA,NA,3.18,NA,1.18,NA
NA,NA,2.59,NA,1.1,NA,NA,2.69,1.6,2.62
0.77,NA,NA,NA,NA,2.78,NA,NA,1.22,2.94
0.64,NA,NA,0.53,NA,NA,NA,2.66,NA,2.64
0.42,NA,1.49,0.71,1.06,NA,NA,NA,NA,NA
1.38,NA,NA,0.55,NA,0.9,NA,NA,1.31,3.04
NA,NA,1.9,0.53,1.44,NA,NA,3.18,2.18,NA
0.83,NA,NA,0.51,1.42,NA,NA,NA,1.76,NA
NA,NA,1.42,NA,0.46,NA,NA,2.66,NA,2.8
NA,NA,NA,0.62,0.72,2.44,NA,NA,1.38,NA
0.7,NA,NA,NA,2.58,2.34,3.17,3.06,NA,NA
NA,NA,0.62,0.31,1.06,NA,NA,NA,1.25,NA
NA,0.92,NA,NA,0.78,1.78,3.18,2.77,1.98,2.62
1.38,NA,NA,NA,NA,1.16,NA,2.69,1.22,3.3
NA,NA,NA,0.33,NA,NA,3.17,3.03,NA,3.38
NA,NA,0.14,0.39,0.9,NA,NA,NA,NA,2.96
NA,NA,NA,0.53,NA,2.18,3.19,NA,NA,NA
0.93,NA,0.35,NA,NA,NA,NA,2.78,2.21,2.74
0.77,1.36,0.18,NA,1.3,2.1,NA,NA,NA,3.5
NA,0.88,0.26,0.48,NA,NA,3.17,NA,NA,3.04
0.61,1.24,2.32,NA,NA,NA,NA,2.75,NA,NA
0.77,1.16,NA,NA,1.3,1.74,3.18,2.96,1.47,NA
NA,1.12,0.67,0.5,1.38,2.1,NA,2.98,1.41,2.86
NA,NA,1.94,0.51,NA,1.7,NA,2.7,1.7,2.38
NA,NA,1.39,NA,1.06,NA,3.18,2.86,NA,NA
NA,1.08,2.48,NA,0.82,1.78,NA,2.83,1.41,NA
NA,1.28,0.48,0.35,0.7,NA,3.18,3.01,2.18,NA
NA,1.04,0.35,0.58,0.74,2.22,3.18,NA,NA,NA
2.5,2,NA,0.51,0.8,1.78,NA,2.89,NA,3.12
0.86,NA,NA,0.48,0.56,1.78,NA,NA,2.05,2.62
0.7,NA,1.78,0.64,NA,NA,NA,NA,NA,NA
0.86,0.76,NA,NA,2.62,2.34,NA,NA,1.09,2.7
1.12,NA,0.19,0.33,0.26,NA,NA,NA,NA,NA
1.22,NA,2.18,NA,1.38,NA,3.19,NA,1.92,2.54
0.96,1.2,0.19,NA,0.66,1.24,3.16,2.94,NA,NA
NA,1.24,NA,0.53,NA,1.44,NA,2.9,1.6,NA
NA,NA,2.43,NA,NA,3.12,3.2,NA,2.11,2.4
NA,NA,0.35,NA,NA,1.72,NA,2.57,NA,3.06
NA,NA,2.84,0.5,NA,2.14,3.2,2.97,1.54,NA
1.31,NA,0.26,NA,0.96,1.16,NA,NA,NA,2.88
NA,1.04,NA,0.53,1.6,1.9,3.18,2.9,1.12,2.88
0.96,1.28,NA,0.37,NA,2.14,NA,NA,1.34,2.8
0.77,NA,NA,NA,1.06,NA,NA,3.23,NA,NA
NA,1.36,0.13,NA,0.7,1.02,3.18,2.89,1.63,NA
NA,1.04,1.89,NA,NA,NA,NA,NA,NA,2.62
0.51,NA,NA,NA,0.66,NA,NA,NA,1.38,2.32
NA,NA,0.26,0.42,0.86,NA,3.17,NA,1.63,NA
0.7,NA,2.46,0.57,NA,NA,NA,2.95,NA,NA
0.86,NA,1.68,NA,1.3,3.04,NA,NA,1.31,NA
NA,1.12,NA,NA,NA,2.34,NA,NA,NA,2.66
NA,1.4,NA,0.59,NA,1.94,3.18,NA,1.41,2.66
NA,NA,0.37,NA,NA,1.94,NA,2.72,NA,NA
NA,0.96,0.18,0.58,NA,NA,3.18,2.95,1.5,NA
0.86,0.6,NA,NA,NA,NA,3.18,2.78,1.44,2.34
1.12,0.16,0.19,NA,NA,NA,NA,2.9,1.73,NA
0.83,NA,NA,0.56,NA,2.02,NA,NA,NA,NA
NA,1.08,1.45,NA,NA,NA,NA,2.9,NA,3.02
NA,0.88,NA,0.41,NA,2,3.18,NA,1.06,NA
NA,NA,NA,NA,NA,NA,3.18,2.77,1.44,2.9
NA,2.24,2.63,NA,NA,NA,3.2,2.75,NA,2.48
NA,NA,2.35,NA,NA,NA,NA,NA,2.21,2.5
0.61,1.84,NA,NA,NA,NA,3.18,NA,NA,2.98
0.96,NA,NA,0.42,NA,NA,NA,2.83,1.98,NA
0.8,NA,0.75,0.35,NA,1.78,3.18,2.86,NA,2.82
1.44,NA,0.18,0.34,NA,NA,NA,NA,0.9,2.88
NA,NA,NA,0.46,0.5,1.52,3.18,NA,1.98,NA
NA,1.56,0.96,NA,NA,NA,3.17,2.77,NA,NA
NA,1.04,1.17,NA,0.98,2.1,3.19,NA,1.38,NA
NA,NA,0.24,NA,0.72,NA,NA,NA,NA,2.98
0.61,NA,0.18,NA,1.02,NA,NA,NA,1.34,3.04
NA,NA,0.21,0.58,0.42,1.28,3.18,NA,1.98,2.66
0.96,1.92,1.18,NA,NA,NA,3.18,NA,1.7,2.62
NA,NA,0.34,NA,0.82,NA,NA,2.95,1.34,3.34
NA,NA,0.59,0.35,1.02,NA,3.18,2.85,NA,2.98
NA,NA,2.5,0.56,NA,NA,NA,2.72,2.18,NA
0.9,0.88,1.17,NA,0.7,2.1,NA,3.06,NA,2.62
NA,NA,NA,0.75,1.02,2.2,NA,NA,1.34,2.42
NA,NA,0.34,0.53,1.26,2.2,NA,NA,NA,2.7
0.7,0.88,NA,0.5,1.04,1.46,3.19,2.88,1.54,2.4
0.58,NA,NA,0.49,NA,NA,NA,2.82,1.6,NA
0.96,0.88,NA,NA,0.42,1.8,NA,NA,NA,2.78
NA,NA,NA,NA,0.88,NA,NA,NA,2.11,3.34
1.06,0.8,NA,0.35,1.3,2.12,3.18,3.03,1.7,2.94
NA,NA,NA,0.5,1.2,1.74,3.18,NA,NA,2.58
0.93,1.6,3.11,0.49,0.96,NA,3.2,2.61,1.5,2.38
0.9,NA,NA,NA,NA,NA,3.18,2.85,1.47,2.7
0.7,NA,1.46,0.5,0.94,NA,NA,2.64,0.96,NA
NA,1.56,NA,NA,NA,2.1,3.18,2.86,1.66,2.48
NA,NA,1.41,NA,1.52,NA,NA,NA,1.22,2.94
0.74,NA,NA,NA,0.94,NA,NA,NA,1.34,2.34
NA,NA,2.36,NA,1.18,NA,NA,2.98,NA,2.42
1.15,NA,2.06,0.56,1.68,NA,3.19,2.62,1.44,NA
NA,1.2,NA,NA,NA,NA,NA,2.95,NA,NA
0.9,2.16,NA,0.56,NA,2.17,3.19,2.72,1.44,2.42
NA,NA,0.21,0.29,NA,1.48,NA,NA,1.18,3.38
0.77,NA,1.82,0.39,1.06,NA,NA,NA,1.41,NA
NA,NA,0.3,NA,NA,1.58,3.18,NA,2.24,NA
0.96,1.44,0.72,0.62,NA,NA,3.18,3.02,1.82,NA
0.74,NA,NA,NA,NA,NA,3.18,NA,NA,NA
0.77,0.88,0.24,NA,1.02,2.1,NA,3.03,NA,2.64
0.64,NA,NA,0.56,0.74,1.72,3.18,2.8,1.66,2.88
0.67,NA,NA,0.56,0.62,NA,NA,NA,1.54,2.9
NA,0.96,0.74,1.12,NA,1.7,NA,NA,1.57,2.56
0.83,NA,NA,0.33,0.56,2.16,3.18,2.74,1.6,2.82
0.64,1.36,1.52,NA,1.02,NA,3.18,NA,NA,NA
NA,1.2,0.85,NA,NA,NA,3.18,NA,NA,2.74
NA,1.6,0.19,0.45,1.02,1.42,NA,NA,NA,2.88
NA,1.28,0.16,0.47,1.04,1.6,NA,NA,NA,3.26
1.47,1.04,0.43,NA,0.74,NA,NA,3.01,1.63,NA
0.48,1.12,0.7,0.33,NA,1.42,3.18,NA,1.47,2.78
0.96,NA,0.29,0.32,NA,NA,NA,2.79,1.25,NA
NA,1.04,2.77,NA,0.46,NA,NA,2.66,1.38,NA
0.93,2.08,NA,NA,1.1,2.58,NA,2.89,NA,NA
0.96,NA,NA,NA,0.82,1.66,3.18,NA,NA,2.72
0.83,1.32,NA,0.31,NA,1.5,3.17,2.98,1.38,3.04
NA,2.28,0.22,2.38,0.38,NA,3.18,NA,1.38,2.66
0.83,1.96,1.33,NA,NA,NA,3.18,2.87,NA,NA
NA,0.8,NA,NA,NA,1.56,NA,NA,NA,2.7
1.76,0.6,1.57,NA,NA,1.66,NA,2.98,1.5,2.72
0.96,NA,NA,NA,0.74,1.66,3.17,2.97,1.41,3.36
NA,1.08,NA,0.65,0.88,2.02,NA,2.86,NA,NA
0.86,NA,NA,NA,1.28,NA,3.19,NA,NA,2.66
1.12,NA,0.16,0.5,NA,NA,NA,NA,NA,NA
0.64,NA,NA,NA,NA,1.1,3.18,NA,1.47,NA
1.15,NA,NA,3.1,0.64,1.86,3.18,NA,NA,NA
0.67,2.2,NA,0.61,0.9,NA,3.19,NA,NA,2.46
NA,NA,NA,NA,NA,NA,NA,NA,NA,3.26
NA,0.68,1.41,NA,NA,NA,NA,NA,NA,NA
0.64,1.2,NA,NA,NA,NA,3.19,NA,1.28,2.26
NA,NA,NA,NA,1.02,NA,3.18,NA,NA,3.26
NA,1.36,NA,0.48,NA,NA,3.18,2.89,1.34,NA
NA,3.12,1.58,0.48,NA,NA,NA,2.67,NA,NA
NA,1.32,0.34,NA,0.4,1.02,3.18,2.85,NA,2.82
0.66,NA,NA,NA,NA,NA,3.18,3.02,NA,2.88
0.74,NA,1.3,NA,1.26,2.42,NA,2.78,1.57,2.5
0.83,0.92,0.82,NA,NA,2.14,3.18,3.39,NA,NA
NA,1.28,NA,NA,1.02,1.26,NA,2.87,3.01,3.3
NA,NA,1.14,0.5,NA,1.94,3.18,2.97,NA,NA
NA,NA,NA,0.33,1.38,1.58,NA,2.7,1.06,NA
NA,NA,0.22,0.64,NA,NA,3.18,NA,1.7,NA
1.82,1.56,0.62,0.39,NA,1.62,3.18,NA,NA,3.42
1.25,NA,NA,NA,NA,2.5,3.18,NA,1.6,NA
NA,NA,NA,NA,NA,NA,3.17,NA,1.41,3.12
0.74,NA,NA,0.49,NA,NA,3.17,NA,NA,2.88
0.8,NA,NA,0.55,NA,NA,3.18,2.85,1.7,2.42
0.99,1.32,2.03,NA,NA,1.54,NA,NA,2.08,NA
NA,NA,0.62,0.51,NA,1.84,NA,2.8,2.05,3.02
NA,NA,NA,0.42,0.42,NA,NA,2.71,1.73,2.96
1.66,NA,0.43,0.59,NA,1.06,3.18,2.95,NA,NA
NA,1.92,NA,0.5,NA,NA,3.19,2.89,1.5,NA
NA,1.08,NA,NA,0.9,NA,3.18,2.73,NA,NA
NA,NA,0.19,NA,NA,NA,3.17,NA,NA,2.98
NA,NA,NA,NA,1.06,1.56,3.18,NA,NA,2.54
0.7,1.36,0.19,0.41,0.86,NA,3.17,NA,NA,3.1
NA,1.2,NA,0.34,0.48,NA,NA,2.81,NA,3.44
NA,1.2,NA,NA,NA,NA,3.17,NA,NA,2.98
NA,1.2,2.05,NA,NA,3.06,NA,NA,NA,NA
0.83,NA,NA,NA,NA,1.34,NA,2.78,NA,NA
0.8,NA,NA,0.63,NA,NA,NA,NA,1.12,NA
NA,NA,1.25,NA,2.02,2.62,NA,NA,1.38,2.54
1.38,0.96,1.07,0.66,1.06,NA,NA,2.85,NA,NA
NA,1.44,0.42,NA,NA,1.68,3.17,NA,1.7,3.38
NA,1.96,0.21,0.42,NA,NA,3.18,2.87,NA,NA
1.73,0.84,2.61,NA,NA,2.42,3.19,NA,1.73,2.78
0.54,NA,NA,NA,1.62,2.42,3.18,NA,2.43,NA
1.09,2.76,0.21,0.66,0.32,2.28,NA,NA,1.5,NA
NA,NA,0.24,0.61,0.7,NA,3.18,NA,NA,2.96
0.93,NA,NA,0.49,NA,3.06,NA,NA,NA,2.48
NA,NA,NA,0.41,NA,1.14,NA,2.81,NA,2.8
NA,0.8,NA,NA,NA,1.78,NA,2.86,2.18,2.66
NA,NA,0.21,NA,NA,NA,3.16,NA,NA,3.38
0.38,NA,0.34,0.5,NA,1.94,NA,2.9,2.37,3.04
1.09,NA,NA,0.51,NA,2.74,NA,2.74,1.28,NA
NA,NA,0.26,0.56,0.96,NA,3.18,NA,NA,NA
NA,1.32,0.34,0.24,0.46,NA,NA,2.9,NA,NA
NA,NA,0.19,NA,NA,1.14,3.18,NA,NA,NA
NA,NA,NA,NA,NA,NA,NA,3.04,NA,3.04
0.48,NA,NA,0.58,NA,1.98,NA,2.63,NA,2.4
NA,NA,2.27,0.66,1.3,2.56,3.19,2.65,NA,2.4
NA,1.64,NA,NA,NA,NA,NA,NA,NA,3.06
1.34,NA,NA,NA,1.66,NA,NA,NA,NA,2.66
0.72,1.6,NA,NA,0.78,1.58,NA,3.18,1.15,3.42
0.8,1.8,NA,0.51,1.06,1.58,3.17,2.81,NA,3.18
NA,1.96,2.46,NA,NA,NA,NA,2.82,1.44,NA
NA,0.64,NA,NA,0.7,1.54,NA,NA,1.44,2.66
0.7,NA,2.56,0.5,NA,1.5,3.19,NA,1.47,NA
0.93,NA,NA,NA,1.02,2.4,NA,2.91,NA,NA
1.06,NA,NA,NA,NA,0.46,3.17,2.86,1.15,3.38
1.5,1.16,NA,0.27,NA,NA,3.18,2.78,NA,3.2
1.95,1.52,1.94,NA,0.64,2.94,NA,NA,1.54,2.46
NA,1.04,1.58,NA,0.88,2.42,3.18,NA,1.34,2.9
NA,1.16,0.8,0.32,NA,1.44,3.17,2.79,NA,3.28
NA,1.48,0.21,NA,1.2,1.66,NA,NA,NA,NA
NA,NA,NA,0.49,NA,2.06,3.17,2.86,NA,NA
NA,NA,2.46,0.59,2.16,NA,NA,2.85,NA,2.5
1.76,NA,NA,0.46,0.34,NA,NA,NA,NA,2.54
NA,1,NA,0.47,NA,NA,3.18,NA,1.73,2.4
0.83,NA,NA,0.61,0.94,NA,3.18,NA,1.47,2.34
0.58,1.96,0.18,NA,0.74,NA,3.18,2.66,2.18,2.78
NA,1.16,NA,0.26,NA,NA,3.17,2.89,1.44,3.34
2.26,0.4,NA,0.5,NA,2.86,3.19,2.75,1.6,2.42
NA,NA,0.91,0.43,0.72,1.74,NA,2.77,0.86,NA
NA,1.56,0.34,NA,NA,NA,3.17,NA,NA,NA
NA,1.04,0.24,NA,0.46,NA,NA,2.88,NA,NA
0.96,1.16,NA,0.29,0.98,NA,NA,NA,2.02,3.02
NA,0.96,NA,NA,NA,2.02,3.18,NA,1.22,2.5
NA,1.96,NA,NA,NA,1.34,NA,3.02,NA,2.72
NA,1.84,NA,0.61,NA,2.36,3.19,NA,NA,2.5
0.9,NA,2.06,0.62,0.9,2.52,NA,2.89,NA,NA
0.77,NA,0.75,NA,NA,2.14,NA,NA,NA,2.82
NA,NA,NA,0.57,0.22,NA,3.18,2.88,1.34,2.86
0.9,NA,0.29,0.35,0.8,NA,NA,NA,NA,3.04
0.7,1.28,0.94,NA,1.06,2.02,3.18,NA,NA,NA
NA,NA,0.22,NA,NA,1.8,NA,2.95,NA,2.72
NA,NA,0.98,0.31,NA,1.5,3.17,NA,NA,NA
NA,1.28,0.22,0.25,NA,0.62,3.17,2.98,NA,NA
0.77,1.88,NA,0.49,0.48,NA,NA,NA,NA,NA
NA,NA,0.56,NA,2.02,2.4,NA,NA,1.25,NA
NA,NA,0.27,0.47,1.78,2.18,NA,2.95,1.79,2.78
NA,2.16,1.26,0.41,NA,2.26,3.18,2.9,1.5,NA
1.34,0.8,NA,NA,0.4,NA,NA,2.72,NA,2.5
NA,NA,0.35,NA,NA,0.96,NA,2.77,NA,NA
NA,NA,NA,0.4,NA,1.26,3.18,NA,1.09,3.2
NA,NA,0.94,NA,0.58,1.58,3.18,NA,NA,2.5
0.7,NA,1.66,0.55,1.38,NA,3.19,NA,1.41,NA
NA,2.96,NA,NA,NA,2,3.19,NA,NA,2.46
NA,1.96,0.29,0.43,NA,2.02,NA,NA,NA,3.36
1.54,1.28,NA,0.24,NA,1.62,3.17,2.8,1.7,NA
NA,NA,NA,0.42,NA,0.98,NA,NA,1.18,2.94
NA,0.96,NA,0.55,0.7,NA,3.18,NA,1.92,NA
0.83,NA,1.31,0.58,1.42,2.5,3.18,2.81,1.66,NA
NA,0.2,0.24,0.72,NA,1.6,NA,2.86,NA,2.46
NA,NA,NA,0.33,0.8,NA,NA,2.85,1.5,3.14
1.34,1.04,1.47,0.66,0.9,2.66,3.19,NA,NA,NA
0.54,NA,NA,0.61,NA,2,3.18,2.93,2.43,NA
NA,1.28,0.27,0.4,1.04,NA,3.17,3.19,1.54,NA
NA,1.24,0.27,0.41,NA,NA,3.18,NA,1.54,NA
0.96,1.96,0.75,NA,NA,1.4,3.18,2.9,2.18,3.3
1.06,NA,0.32,0.31,0.38,1.06,3.17,NA,NA,NA
0.54,1.08,0.24,0.42,0.54,NA,3.18,NA,NA,NA
NA,2.12,NA,NA,NA,1.82,NA,NA,NA,2.5
NA,0.92,2.37,0.62,NA,NA,NA,NA,NA,2.58
1.02,0.92,NA,0.63,NA,NA,NA,2.9,NA,2.42
NA,1.36,NA,NA,NA,NA,3.18,NA,NA,2.56
NA,NA,NA,0.4,0.74,NA,3.16,2.66,NA,3.52
NA,0.8,0.93,0.71,1.38,NA,NA,NA,1.41,2.62
NA,NA,NA,NA,NA,NA,3.18,NA,1.09,2.46
NA,NA,NA,0.38,0.42,NA,NA,NA,NA,3.14
NA,2.04,1.28,NA,1.62,2.52,3.18,NA,NA,2.46
0.58,NA,NA,0.53,1.52,NA,NA,2.95,NA,2.8
0.99,NA,NA,NA,NA,2.32,NA,3.07,1.98,NA
NA,2.96,NA,1.98,0.9,NA,NA,2.7,NA,2.46
1.63,NA,1.81,NA,NA,2.98,NA,2.79,NA,NA
1.09,NA,NA,NA,NA,1.7,NA,NA,1.12,NA
NA,NA,0.26,NA,NA,NA,3.18,2.98,NA,3.12
1.06,NA,NA,NA,NA,1.7,NA,2.86,1.54,NA
NA,NA,NA,0.43,1.3,NA,NA,2.66,2.02,NA
NA,NA,NA,0.35,0.58,NA,3.17,NA,1.98,3.28
0.7,NA,0.26,0.65,1.2,NA,3.18,NA,NA,NA
NA,1.92,NA,0.56,NA,2.38,NA,2.82,NA,NA
0.8,NA,NA,0.64,NA,NA,3.19,3.04,1.38,2.54
0.64,NA,NA,NA,NA,2.82,3.18,2.94,1.89,2.78
NA,NA,0.51,NA,1.12,2.16,NA,NA,1.06,3.3
0.9,2.04,1.26,0.64,NA,NA,3.18,NA,1.66,2.5
0.86,0.72,NA,0.55,1.2,2.48,3.18,NA,1.5,2.4
NA,1,0.26,NA,0.74,1.9,NA,NA,1.73,2.74
NA,1.2,0.29,NA,1.18,1.9,NA,2.66,NA,2.88
NA,NA,NA,0.39,0.7,1.32,3.18,NA,1.31,2.46
0.82,2.6,NA,0.9,NA,NA,3.18,2.85,NA,2.5
0.9,NA,NA,0.47,NA,1.2,NA,NA,NA,NA
NA,NA,0.21,NA,1.18,NA,3.18,NA,1.34,2.38
0.67,1.12,NA,NA,NA,NA,NA,2.66,1.38,NA
0.99,1.04,NA,NA,NA,NA,3.18,2.86,1.31,2.78
0.74,NA,2.29,0.66,1.46,2.58,NA,2.74,1.41,NA
1.02,NA,NA,NA,NA,1.26,NA,NA,NA,NA
NA,NA,1.33,NA,NA,2.24,NA,NA,NA,2.46
1.12,NA,1.09,NA,NA,1.6,3.18,3.01,NA,3.06
NA,NA,NA,0.75,NA,NA,3.18,2.78,NA,2.5
NA,NA,NA,NA,NA,NA,NA,NA,1.86,NA
NA,NA,0.26,0.45,NA,NA,NA,NA,1.31,2.66
NA,1.12,0.35,0.46,NA,NA,3.18,NA,NA,2.8
0.74,NA,1.58,0.41,NA,1.18,3.18,NA,NA,NA
1.7,0.96,NA,NA,NA,NA,NA,2.81,NA,2.42
0.77,1.04,1.31,NA,1.26,2.42,3.18,2.78,NA,NA
0.99,NA,0.99,0.59,NA,2.18,NA,2.88,1.25,NA
1.09,NA,NA,0.46,NA,2.18,3.18,NA,NA,3.3
NA,1.28,NA,0.49,0.86,NA,3.18,2.88,NA,2.98
0.74,1.48,1.26,NA,NA,2,3.18,2.54,NA,NA
1.02,1.32,NA,0.37,0.58,1.2,3.18,NA,1.38,NA
NA,NA,0.37,NA,NA,NA,NA,NA,1.38,NA
1.02,NA,NA,NA,0.82,NA,NA,NA,1.98,2.5
1.02,0.96,NA,0.69,1.14,2.72,NA,NA,1.63,2.46
1.34,NA,NA,0.53,0.48,NA,NA,2.86,NA,2.86
0.74,NA,NA,NA,1.34,2.02,3.18,NA,0.86,3.04
0.64,NA,NA,0.29,NA,0.54,NA,2.48,NA,NA
0.8,NA,1.18,0.5,0.56,NA,3.18,3.01,NA,2.8
NA,NA,NA,0.51,NA,NA,3.18,2.62,NA,2.7
NA,NA,NA,NA,0.38,NA,3.18,NA,NA,NA
1.41,0.72,NA,NA,NA,NA,3.19,NA,NA,2.46
0.67,NA,NA,0.35,1.28,1.78,3.18,3.04,NA,NA
NA,NA,NA,0.5,NA,NA,NA,NA,1.54,NA
NA,NA,NA,0.55,NA,1.58,NA,NA,NA,2.7
0.74,1.36,NA,0.29,NA,NA,NA,2.98,NA,3.38
NA,1.2,2.08,0.54,1.84,NA,NA,2.81,NA,2.56
NA,1.28,NA,0.47,NA,NA,3.18,2.87,1.7,2.78
0.74,1.28,NA,0.55,1.58,NA,3.18,2.75,1.76,NA
NA,NA,NA,NA,0.4,NA,NA,NA,NA,NA
NA,NA,NA,NA,0.7,1.42,3.17,NA,NA,3.1
NA,NA,NA,NA,0.74,NA,3.19,3.1,NA,2.56
0.77,1.32,NA,NA,0.82,1.94,NA,2.98,1.28,NA
NA,NA,NA,NA,NA,2,3.18,2.87,1.5,NA
NA,NA,0.75,0.34,1.5,NA,3.17,2.81,1.34,NA
NA,1.24,NA,NA,1.58,2.48,3.19,NA,1.76,2.54
NA,NA,NA,NA,0.9,NA,3.18,2.98,1.6,NA
0.83,1.32,NA,0.56,NA,NA,3.2,NA,NA,NA
1.02,2,1.71,NA,1.52,2.74,3.19,2.74,1.92,2.5
1.82,1.16,0.35,NA,NA,NA,3.18,NA,2.37,NA
NA,0.88,0.53,NA,1.1,NA,3.18,2.81,1.6,2.8
2.14,1.92,NA,0.59,NA,2.96,NA,NA,NA,2.48
0.51,1.48,NA,NA,NA,1.46,3.18,NA,NA,NA
NA,1.28,NA,NA,NA,NA,3.17,NA,NA,NA
0.9,1.36,2.21,NA,NA,NA,3.19,NA,NA,NA
NA,NA,2.9,0.53,0.86,1.78,NA,NA,1.54,NA
NA,NA,0.45,NA,0.46,NA,3.17,NA,1.5,NA
1.09,1.04,NA,NA,1.36,NA,NA,NA,1.12,NA
1.17,0.32,NA,0.47,0.98,1.9,3.19,NA,1.25,NA
NA,0.04,0.98,NA,0.54,NA,3.18,NA,NA,2.66
0.64,1.64,NA,NA,1.34,NA,3.18,2.79,1.86,NA
0.8,NA,NA,NA,NA,3.04,NA,2.7,NA,2.46
NA,NA,0.24,NA,1.22,1.9,3.18,NA,1.34,NA
NA,1.04,NA,NA,NA,1.6,3.19,2.74,NA,NA
0.96,2,1.94,NA,NA,1.7,NA,NA,NA,2.38
1.15,NA,1.62,NA,0.78,1.86,NA,NA,1.28,2.5
0.83,NA,0.21,NA,1.76,NA,NA,2.86,1.98,NA
NA,1.2,NA,NA,NA,NA,NA,3.33,NA,3.18
NA,NA,NA,0.39,NA,NA,NA,NA,1.57,3.12
1.25,0.96,NA,0.42,1.2,NA,3.18,2.87,1.38,NA
NA,1.56,2.44,NA,NA,NA,NA,NA,2.46,NA
0.93,1.2,1.46,0.58,0.66,2.22,3.18,NA,1.79,3.02
0.9,NA,2.85,NA,NA,1.48,3.2,NA,NA,2.38
0.58,NA,1.28,NA,0.42,1.74,NA,2.91,1.41,NA
0.7,1,NA,NA,1.18,1.84,3.2,2.94,1.18,NA
NA,NA,2.48,0.57,0.66,1.8,NA,2.58,NA,2.32
NA,NA,1.3,0.56,NA,NA,NA,NA,1.73,NA
0.83,NA,1.02,0.57,0.96,NA,NA,2.83,NA,3.06
NA,NA,NA,0.47,NA,2.06,3.17,NA,NA,3.18
1.47,NA,NA,0.58,NA,2.28,NA,2.74,NA,2.62
NA,NA,0.78,1.05,NA,NA,3.18,NA,NA,NA
0.67,NA,NA,0.65,0.5,NA,NA,NA,NA,2.5
0.48,1.36,1.82,0.57,NA,1.28,NA,NA,1.57,NA
NA,NA,0.75,NA,NA,NA,3.18,NA,NA,NA
0.48,1.12,NA,NA,NA,1.98,NA,NA,1.25,NA
0.93,1.76,0.58,2.29,2,NA,3.18,2.69,NA,NA
0.74,1,NA,0.48,NA,NA,NA,3.06,NA,NA
0.67,NA,0.19,0.51,0.64,NA,NA,NA,NA,NA
NA,NA,0.13,0.27,0.78,1.7,3.17,NA,NA,3.3
NA,1.52,0.42,0.38,0.26,0.92,3.17,2.78,NA,NA
NA,0.88,NA,0.5,1.04,1.46,3.19,NA,1.54,NA
1.02,NA,2.38,0.47,NA,2.54,3.19,2.74,NA,NA
1.09,NA,1.5,NA,NA,2.38,3.18,NA,1.41,2.78
NA,1.56,0.53,NA,0.64,NA,3.18,NA,1.44,2.46
NA,NA,NA,0.53,0.7,NA,NA,3.05,1.54,NA
NA,1.2,0.75,0.47,NA,1.98,3.18,NA,NA,2.72
0.7,NA,NA,0.33,NA,NA,3.18,3.03,NA,NA
0.83,NA,1.5,NA,NA,1.62,3.18,2.82,NA,NA
1.06,NA,NA,0.41,0.66,1.58,3.18,2.8,1.09,NA
0.64,1.24,0.16,0.35,NA,NA,3.17,NA,NA,3.02
0.64,1.2,0.24,NA,NA,NA,NA,NA,NA,2.94
0.96,NA,NA,NA,NA,2.26,NA,NA,1.63,NA
NA,1.24,NA,0.37,NA,NA,3.17,2.64,1.38,NA
NA,NA,0.74,0.62,0.58,1.74,3.18,2.85,NA,3.2
NA,1.52,NA,NA,0.22,NA,3.18,NA,NA,NA
NA,NA,NA,0.22,NA,1.1,3.17,2.71,NA,NA
NA,NA,NA,NA,NA,NA,3.18,2.97,NA,2.54
NA,NA,NA,0.53,NA,2.5,NA,NA,1.54,2.66
0.99,NA,0.48,NA,1.22,1.92,3.18,NA,NA,NA
NA,0.92,1.52,NA,1.44,2.22,NA,2.87,1.34,NA
1.09,NA,1.28,NA,NA,2.98,NA,NA,1.66,2.86
NA,1.44,0.56,0.34,NA,1.8,NA,NA,NA,NA
NA,NA,1.52,0.65,1.44,2.22,NA,NA,1.34,NA
NA,1.64,NA,NA,1.26,NA,NA,2.91,NA,2.74
NA,NA,NA,NA,1.02,1.64,3.18,NA,NA,NA
NA,1.24,NA,0.58,0.54,NA,NA,NA,NA,2.42
1.09,NA,NA,0.56,NA,NA,NA,NA,1.57,2.74
0.64,NA,0.42,0.5,0.8,2.4,NA,NA,NA,NA
NA,NA,2.37,0.62,0.86,NA,NA,2.86,1.6,2.58
0.77,NA,0.27,0.38,NA,NA,NA,NA,NA,3.18
NA,1.84,0.75,NA,0.56,NA,NA,NA,NA,3.28
NA,1,NA,NA,NA,NA,3.18,2.9,NA,NA
NA,1.16,NA,0.4,1.42,1.78,NA,NA,1.22,2.82
NA,NA,NA,NA,NA,NA,NA,NA,1.5,2.66
0.45,1.64,NA,0.42,NA,1.26,3.18,2.89,1.38,NA
NA,0.28,1.12,NA,NA,NA,3.18,2.97,NA,2.58
NA,NA,NA,NA,1.06,NA,NA,NA,1.92,2.66
0.83,NA,0.27,0.49,NA,1.3,NA,NA,NA,NA
1.41,0.96,NA,NA,1.1,2.22,3.18,NA,NA,NA
0.48,1.16,0.8,NA,NA,NA,3.18,NA,1.41,2.72
0.8,1.28,0.14,0.39,NA,NA,NA,NA,1.86,2.88
0.48,1.32,0.75,NA,0.82,NA,NA,3.05,NA,NA
NA,NA,NA,0.51,NA,NA,3.18,2.7,1.76,2.94
1.34,1.36,0.38,0.25,NA,NA,NA,2.86,1.22,3.42
0.99,NA,0.22,NA,0.88,1.7,3.17,2.78,NA,NA
0.86,NA,1.09,0.54,NA,NA,3.18,NA,1.25,NA
NA,NA,NA,NA,NA,NA,3.18,2.85,1.82,NA
NA,1.52,NA,NA,NA,NA,NA,NA,1.76,3.2
0.96,2.96,NA,0.47,0.96,NA,3.18,NA,NA,NA
NA,1.2,2.05,NA,NA,NA,NA,NA,1.66,NA
1.18,1.48,NA,NA,NA,NA,3.18,NA,1.6,2.62
NA,1.4,2.45,0.64,NA,1.56,3.2,NA,NA,2.56
0.7,NA,0.38,NA,NA,1.34,NA,NA,NA,3.02
0.58,1.68,NA,0.41,NA,1.02,NA,NA,1.66,3.12
1.5,NA,NA,0.95,0.72,NA,NA,NA,NA,NA
NA,NA,NA,0.48,0.24,NA,NA,2.57,1.6,NA
NA,1.4,NA,NA,NA,2.44,3.18,2.74,1.6,2.74
1.02,1.68,NA,0.53,0.38,2.48,NA,2.74,1.54,2.56
0.77,NA,NA,0.53,1.04,1.94,NA,NA,NA,NA
0.48,1.96,NA,NA,0.56,1.3,NA,2.83,1.54,NA
NA,NA,NA,0.49,0.66,NA,NA,NA,2.4,NA
0.8,0.96,NA,0.61,0.16,NA,NA,2.87,NA,3.04
NA,NA,NA,NA,NA,3.2,NA,3.04,1.54,2.46
1.02,NA,NA,0.35,0.7,1.6,3.18,3.02,2.34,NA
0.8,1.08,0.75,0.35,NA,NA,NA,NA,1.06,NA
0.54,1.36,NA,0.48,0.42,NA,NA,NA,NA,2.88
NA,NA,NA,0.37,0.78,NA,NA,2.78,2.08,NA
NA,1.4,NA,NA,NA,2.38,NA,2.71,NA,NA
NA,NA,NA,NA,NA,2.6,3.19,3.14,2.27,NA
NA,2.88,NA,NA,NA,1.6,3.18,2.64,NA,NA
NA,NA,1.47,NA,NA,NA,NA,NA,1.09,NA
1.79,NA,NA,0.42,NA,2.1,NA,NA,1.66,2.5
NA,NA,0.3,NA,NA,NA,NA,NA,NA,NA
NA,NA,NA,0.53,1.04,1.94,3.2,NA,1.25,NA
0.51,NA,1.07,0.49,1.14,NA,NA,3.22,1.47,2.82
0.74,NA,NA,0.34,1.2,NA,3.18,NA,1.73,2.94
0.83,1.36,NA,0.53,0.16,NA,3.18,2.93,2.02,2.78
0.9,1.24,1.15,NA,1.26,2.24,NA,NA,NA,NA
1.15,NA,NA,NA,NA,1.36,NA,NA,1.89,3.42
NA,NA,1.65,NA,NA,1.32,3.19,NA,1.5,NA
NA,1.08,NA,0.91,0.9,NA,NA,2.87,NA,2.96
NA,NA,NA,NA,NA,1.62,NA,2.75,NA,NA
0.77,NA,NA,0.8,1.18,NA,NA,NA,1.47,NA
NA,NA,1.01,NA,NA,1.72,3.18,3.13,1.31,NA
NA,NA,0.27,NA,0.34,NA,NA,2.86,1.63,3.36
0.61,1.28,NA,NA,NA,NA,NA,NA,1.82,2.8
1.25,1.36,1.6,0.64,0.94,2.38,NA,2.9,NA,2.72
NA,NA,NA,0.32,0.34,NA,3.17,NA,NA,3.12
1.06,NA,0.83,NA,0.64,2.02,3.18,2.86,NA,2.74
0.9,NA,NA,NA,0.86,NA,NA,2.89,NA,NA
NA,NA,NA,0.45,0.98,1.74,NA,NA,1.38,2.34
NA,1.36,2.3,0.77,0.94,NA,3.19,2.73,1.7,2.42
0.77,2.48,NA,NA,1.36,2.04,3.19,NA,NA,2.34
NA,1.2,0.14,0.51,NA,NA,3.18,NA,1.25,2.7
0.64,NA,0.27,0.57,0.74,2.38,NA,NA,1.38,NA
0.83,1.24,NA,0.5,NA,NA,3.18,2.97,NA,2.9
NA,1.6,NA,NA,0.94,2.16,NA,NA,NA,NA
0.83,1.08,2.91,0.55,NA,2.24,NA,2.98,1.41,NA
0.9,1.2,1.33,0.3,NA,1.5,3.18,NA,1.22,3.28
NA,1.12,NA,0.39,NA,NA,NA,NA,NA,2.72
NA,NA,0.19,0.53,0.78,1.22,3.17,NA,NA,NA
0.64,NA,1.54,0.42,0.5,1.4,3.18,NA,1.18,NA
NA,0.96,1.15,NA,NA,NA,3.18,2.98,NA,2.78
0.9,1.64,1.12,0.53,1.58,NA,NA,2.79,1.54,2.5
0.8,1.52,NA,0.51,1.44,NA,NA,2.82,1.47,2.42
NA,1.2,1.14,NA,1.68,NA,NA,2.72,NA,2.46
NA,NA,NA,NA,NA,NA,NA,2.91,NA,2.46
0.35,NA,NA,0.55,NA,NA,3.18,NA,1.34,NA
NA,1.8,2.27,NA,NA,NA,NA,2.7,1.47,2.46
NA,1.68,0.24,NA,NA,1.66,3.18,NA,NA,3.04
NA,1.48,0.4,0.55,1.86,NA,NA,2.96,NA,NA
NA,0.88,0.24,0.49,1.2,2.06,NA,NA,NA,2.72
1.15,NA,0.77,0.22,1.04,NA,3.17,NA,1.57,NA
0.54,1.28,0.24,NA,NA,NA,3.18,NA,NA,2.54
0.93,2.12,NA,NA,1.1,NA,NA,NA,1.89,2.78
NA,1.72,NA,0.95,NA,NA,NA,NA,NA,2.4
0.64,1.28,0.8,NA,0.82,NA,3.18,2.66,1.25,2.94
1.06,NA,NA,0.51,NA,NA,NA,2.74,1.66,NA
0.93,NA,NA,NA,0.94,2.56,NA,NA,1.63,2.54
NA,NA,NA,0.98,NA,1.26,3.19,NA,NA,2.5
NA,0.84,1.71,1.12,0.34,NA,3.19,NA,NA,NA
0.61,NA,NA,NA,1.2,NA,NA,NA,NA,NA
NA,1.8,NA,0.57,1.38,NA,NA,NA,NA,2.54
1.34,NA,0.66,NA,0.82,1.34,NA,NA,NA,NA
NA,1.44,NA,0.4,NA,1.28,NA,2.8,1.73,2.88
NA,1.04,0.32,0.62,NA,2.4,3.18,3.18,NA,NA
0.58,NA,1.95,NA,1.22,1.86,NA,2.72,NA,NA
0.85,NA,1.1,0.41,1.22,NA,NA,NA,1.41,2.88
NA,1.4,NA,NA,NA,1.42,NA,NA,2.18,3.2
NA,1.16,2.7,0.62,0.62,1.8,3.2,NA,1.22,NA
1.25,NA,0.43,0.62,NA,2.7,3.18,NA,1.82,NA
0.64,0.96,NA,0.38,NA,2.26,3.17,3.19,1.79,NA
0.91,1.96,1.82,0.4,NA,NA,3.19,NA,NA,NA
NA,NA,NA,0.54,NA,1.7,3.18,NA,NA,NA
0.51,1.2,NA,0.73,NA,NA,NA,NA,NA,3.05
NA,NA,0.4,NA,NA,NA,3.18,2.57,1.54,NA
0.58,NA,NA,0.47,1.04,1.74,3.18,2.7,1.57,NA
NA,NA,NA,0.55,0.62,2.26,3.18,NA,2.46,2.54
1.22,NA,0.38,NA,0.4,1.24,3.18,NA,NA,2.54
NA,NA,NA,0.48,NA,2.14,3.18,NA,1.54,2.58
NA,2.44,NA,0.47,1.76,2.5,3.19,2.66,1.73,NA
NA,1.12,0.3,NA,0.88,1.38,3.17,NA,NA,NA
1.25,0.92,1.12,0.38,NA,NA,3.18,NA,1.34,2.8
0.61,NA,0.67,NA,1.3,1.78,NA,NA,NA,NA
NA,0.2,0.13,0.43,NA,0.4,3.18,NA,NA,2.46
NA,0.56,1.13,NA,NA,2.36,NA,2.87,NA,NA
